Workbook

Sheet Hypothèses
A1: RIAD DU MÉMOIRE MARRAKECH | Hypothèses de simulation
A2: Valeurs en bleu = modifiables · Le reste est calculé automatiquement
A4: A. RIAD
A5: Nombre de chambres | B5: 8 | C5: Modifiez ici · toutes les formules suivent
A7: B. PRIX PAR SAISON (MAD / chambre / nuit)
A8: Prix fixe (référence, sans yield) | B8: 1000 | C8: Prix unique toute l'année
A9: Prix Haute Saison | B9: 1500 | C9: Mois à forte occupation (≥ 70 %)
A10: Prix Moyenne Saison | B10: 1200 | C10: Mois intermédiaires (50–69 %)
A11: Prix Basse Saison | B11: 900 | C11: Mois creux (< 50 %)
A13: C. SEUILS DE SAISONNALITÉ → Prix automatique
A14: Saison | B14: Seuil taux d'occup. | C14: Prix appliqué
A15: Haute Saison | B15: ≥ 80 % | C15: =B9 -> 1500
A16: Moyenne Saison | B16: 51–79 % | C16: =B10 -> 1200
A17: Basse Saison | B17: < 50 % | C17: =B11 -> 900
A18: ℹ️ Si taux ≥ 70 % → Prix HS | 50–69 % → Prix MS | < 50 % → Prix BS
A20: D. BENCHMARK CONCURRENTS — Riads 4★ Médina Marrakech
A21: Concurrent | B21: Chambres | C21: Prix HS (MAD)
A22: Riad A | B22: 11 | C22: 950
A23: Riad B | B23: 8 | C23: 1200
A24: Riad C | B24: 10 | C24: 1000
A25: Riad D | B25: 16 | C25: 950
A26: Riad E | B26: 5 | C26: 1300
A27: Riad (cible) | B27: 8 | C27: 1000

Sheet Saisonnalité & CA
A1: Nombre de chambres | D1: =Hypothèses!B5 -> 8 | E1: Automatique depuis Hypothèses
A2: Année 1 Activité Hébergement | B2: Taux de remplissage | C2: Saison | D2: CA Prix fixe 1 000 MAD | E2: Prix Yield (MAD/nuit) | F2: CA Yield Management | G2: Gain Yield vs Fixe
A4: Janvier | B4: 0.5 | C4: =IF(B4>=0.8,"Haute Saison",IF(B4>=0.5,"Moyenne Saison","Basse Saison")) -> Moyenne Saison | D4: =B4*$D$1*31*Hypothèses!B$8 -> 124000 | E4: =IF(B4>=0.8,Hypothèses!B$9,IF(B4>=0.51,Hypothèses!B$10,Hypothèses!B$11)) -> 900 | F4: =B4*$D$1*31*E4 -> 111600 | G4: =F4-D4 -> -12400
A5: Février | B5: 0.5 | C5: =IF(B5>=0.8,"Haute Saison",IF(B5>=0.5,"Moyenne Saison","Basse Saison")) -> Moyenne Saison | D5: =B5*$D$1*28*Hypothèses!B$8 -> 112000 | E5: =IF(B5>=0.8,Hypothèses!B$9,IF(B5>=0.51,Hypothèses!B$10,Hypothèses!B$11)) -> 900 | F5: =B5*$D$1*28*E5 -> 100800 | G5: =F5-D5 -> -11200
A6: Mars | B6: 0.55 | C6: =IF(B6>=0.8,"Haute Saison",IF(B6>=0.5,"Moyenne Saison","Basse Saison")) -> Moyenne Saison | D6: =B6*$D$1*31*Hypothèses!B$8 -> 136400 | E6: =IF(B6>=0.8,Hypothèses!B$9,IF(B6>=0.51,Hypothèses!B$10,Hypothèses!B$11)) -> 1200 | F6: =B6*$D$1*31*E6 -> 163680 | G6: =F6-D6 -> 27280
A7: Avril | B7: 0.65 | C7: =IF(B7>=0.8,"Haute Saison",IF(B7>=0.5,"Moyenne Saison","Basse Saison")) -> Moyenne Saison | D7: =B7*$D$1*30*Hypothèses!B$8 -> 156000 | E7: =IF(B7>=0.8,Hypothèses!B$9,IF(B7>=0.51,Hypothèses!B$10,Hypothèses!B$11)) -> 1200 | F7: =B7*$D$1*30*E7 -> 187200 | G7: =F7-D7 -> 31200
A8: Mai | B8: 0.7 | C8: =IF(B8>=0.8,"Haute Saison",IF(B8>=0.5,"Moyenne Saison","Basse Saison")) -> Moyenne Saison | D8: =B8*$D$1*31*Hypothèses!B$8 -> 173600 | E8: =IF(B8>=0.8,Hypothèses!B$9,IF(B8>=0.51,Hypothèses!B$10,Hypothèses!B$11)) -> 1200 | F8: =B8*$D$1*31*E8 -> 208320 | G8: =F8-D8 -> 34720
A9: Juin | B9: 0.85 | C9: =IF(B9>=0.8,"Haute Saison",IF(B9>=0.5,"Moyenne Saison","Basse Saison")) -> Haute Saison | D9: =B9*$D$1*30*Hypothèses!B$8 -> 204000 | E9: =IF(B9>=0.8,Hypothèses!B$9,IF(B9>=0.51,Hypothèses!B$10,Hypothèses!B$11)) -> 1500 | F9: =B9*$D$1*30*E9 -> 306000 | G9: =F9-D9 -> 102000
A10: Juillet | B10: 1 | C10: =IF(B10>=0.8,"Haute Saison",IF(B10>=0.5,"Moyenne Saison","Basse Saison")) -> Haute Saison | D10: =B10*$D$1*31*Hypothèses!B$8 -> 248000 | E10: =IF(B10>=0.8,Hypothèses!B$9,IF(B10>=0.51,Hypothèses!B$10,Hypothèses!B$11)) -> 1500 | F10: =B10*$D$1*31*E10 -> 372000 | G10: =F10-D10 -> 124000
A11: Août | B11: 1 | C11: =IF(B11>=0.8,"Haute Saison",IF(B11>=0.5,"Moyenne Saison","Basse Saison")) -> Haute Saison | D11: =B11*$D$1*31*Hypothèses!B$8 -> 248000 | E11: =IF(B11>=0.8,Hypothèses!B$9,IF(B11>=0.51,Hypothèses!B$10,Hypothèses!B$11)) -> 1500 | F11: =B11*$D$1*31*E11 -> 372000 | G11: =F11-D11 -> 124000
A12: Septembre | B12: 1 | C12: =IF(B12>=0.8,"Haute Saison",IF(B12>=0.5,"Moyenne Saison","Basse Saison")) -> Haute Saison | D12: =B12*$D$1*30*Hypothèses!B$8 -> 240000 | E12: =IF(B12>=0.8,Hypothèses!B$9,IF(B12>=0.51,Hypothèses!B$10,Hypothèses!B$11)) -> 1500 | F12: =B12*$D$1*30*E12 -> 360000 | G12: =F12-D12 -> 120000
A13: Octobre | B13: 0.8 | C13: =IF(B13>=0.8,"Haute Saison",IF(B13>=0.5,"Moyenne Saison","Basse Saison")) -> Haute Saison | D13: =B13*$D$1*31*Hypothèses!B$8 -> 198400 | E13: =IF(B13>=0.8,Hypothèses!B$9,IF(B13>=0.51,Hypothèses!B$10,Hypothèses!B$11)) -> 1500 | F13: =B13*$D$1*31*E13 -> 297600 | G13: =F13-D13 -> 99200
A14: Novembre | B14: 0.6 | C14: =IF(B14>=0.8,"Haute Saison",IF(B14>=0.5,"Moyenne Saison","Basse Saison")) -> Moyenne Saison | D14: =B14*$D$1*30*Hypothèses!B$8 -> 144000 | E14: =IF(B14>=0.8,Hypothèses!B$9,IF(B14>=0.51,Hypothèses!B$10,Hypothèses!B$11)) -> 1200 | F14: =B14*$D$1*30*E14 -> 172800 | G14: =F14-D14 -> 28800
A15: Décembre | B15: 0.65 | C15: =IF(B15>=0.8,"Haute Saison",IF(B15>=0.5,"Moyenne Saison","Basse Saison")) -> Moyenne Saison | D15: =B15*$D$1*31*Hypothèses!B$8 -> 161200 | E15: =IF(B15>=0.8,Hypothèses!B$9,IF(B15>=0.51,Hypothèses!B$10,Hypothèses!B$11)) -> 1200 | F15: =B15*$D$1*31*E15 -> 193440 | G15: =F15-D15 -> 32240
A16: Taux de remplissage annuel moyen | C16: =AVERAGE(B4:B15) -> 0.73333333 | D16: =SUM(D4:D15) -> 2145600 | E16: Total Yield | F16: =SUM(F4:F15) -> 2845440 | G16: =SUM(G4:G15) -> 699840
A18: % Gain Yield vs Prix fixe | E18: =(F16-D16)/D16 -> 0.3261745
A19: RevPAR Yield (MAD/nuit dispo) | E19: =F16/(365*$D$1) -> 974.46575
A20: RevPAR Prix fixe (MAD/nuit dispo) | E20: =D16/(365*$D$1) -> 734.79452

Sheet Graphique
A1: CA MENSUEL Comparatif Prix fixe vs Yield Management
A2: Mois | B2: CA Prix fixe (MAD) | C2: CA Yield (MAD) | D2: Gain (MAD)
A3: Janvier | B3: ='Saisonnalité & CA'!D4 -> 124000 | C3: ='Saisonnalité & CA'!F4 -> 111600 | D3: ='Saisonnalité & CA'!G4 -> -12400
A4: Février | B4: ='Saisonnalité & CA'!D5 -> 112000 | C4: ='Saisonnalité & CA'!F5 -> 100800 | D4: ='Saisonnalité & CA'!G5 -> -11200
A5: Mars | B5: ='Saisonnalité & CA'!D6 -> 136400 | C5: ='Saisonnalité & CA'!F6 -> 163680 | D5: ='Saisonnalité & CA'!G6 -> 27280
A6: Avril | B6: ='Saisonnalité & CA'!D7 -> 156000 | C6: ='Saisonnalité & CA'!F7 -> 187200 | D6: ='Saisonnalité & CA'!G7 -> 31200
A7: Mai | B7: ='Saisonnalité & CA'!D8 -> 173600 | C7: ='Saisonnalité & CA'!F8 -> 208320 | D7: ='Saisonnalité & CA'!G8 -> 34720
A8: Juin | B8: ='Saisonnalité & CA'!D9 -> 204000 | C8: ='Saisonnalité & CA'!F9 -> 306000 | D8: ='Saisonnalité & CA'!G9 -> 102000
A9: Juillet | B9: ='Saisonnalité & CA'!D10 -> 248000 | C9: ='Saisonnalité & CA'!F10 -> 372000 | D9: ='Saisonnalité & CA'!G10 -> 124000
A10: Août | B10: ='Saisonnalité & CA'!D11 -> 248000 | C10: ='Saisonnalité & CA'!F11 -> 372000 | D10: ='Saisonnalité & CA'!G11 -> 124000
A11: Septembre | B11: ='Saisonnalité & CA'!D12 -> 240000 | C11: ='Saisonnalité & CA'!F12 -> 360000 | D11: ='Saisonnalité & CA'!G12 -> 120000
A12: Octobre | B12: ='Saisonnalité & CA'!D13 -> 198400 | C12: ='Saisonnalité & CA'!F13 -> 297600 | D12: ='Saisonnalité & CA'!G13 -> 99200
A13: Novembre | B13: ='Saisonnalité & CA'!D14 -> 144000 | C13: ='Saisonnalité & CA'!F14 -> 172800 | D13: ='Saisonnalité & CA'!G14 -> 28800
A14: Décembre | B14: ='Saisonnalité & CA'!D15 -> 161200 | C14: ='Saisonnalité & CA'!F15 -> 193440 | D14: ='Saisonnalité & CA'!G15 -> 32240
A15: TOTAL | B15: =SUM(B3:B14) -> 2145600 | C15: =SUM(C3:C14) -> 2845440 | D15: =SUM(D3:D14) -> 699840
